date,content,replyCount,retweetCount,likeCount,quoteCount,label
2019-01-28 23:59:58+00:00,"@HashCashRobert Physical bitcoin could be stored on a transferable electronic device (e.g., @OPENDIME), a paper wallet (e.g., https://t.co/FLYoqBtEce), a physical metal coin with private key (e.g., Casascius, pictured). Wallet backups (e.g., @cryptosteel) have similar risk from theft / robbery. https://t.co/Zl4JRmzxU2",1,3,2,1,1
2019-01-28 23:59:53+00:00,get #3times #thePower when you #orderToday buy #Bitcoin and get 3x #moreForYourMoney CLICK HERE &gt;&gt;&gt; https://t.co/QMEAQ8BG4D https://t.co/qEcSP7JB5D,0,0,1,0,1
2019-01-28 23:59:53+00:00,Can Bitcoin be converted to cash? https://t.co/qdigxN3AC7 fx fb Forex forexsignals,0,0,0,0,0
2019-01-28 23:59:50+00:00,$BTC | #BTC - bitcoin's Current Price: ▲ $3472.0337 | 1h ▲ : 0.13 % | 24h ▼ : -3.19 % | 7d ▼ : -2.92% | More on: https://t.co/K34EJvVQOn,0,0,2,0,0
2019-01-28 23:59:47+00:00,"RT @gojomo: Zcash's reason-for-existence is its ""shielded"" z-address transactions, offering best-in-cryptocurrency payment privacy. But Zcash has also been criticized, fairly, for including optional ""transparent"" t-address transactions, with privacy no better than Bitcoin. 1/4",0,0,0,1,1
2019-01-28 23:59:43+00:00,"$BTC Bitcoin Price Analysis: Buckle up Bulls, More Losses Lie Ahead https://t.co/HGlIjC4vpy https://t.co/IllPMGFtr5",0,0,0,0,0
2019-01-28 23:59:41+00:00,"Some merit. This was the most important occasion of the room, and lifted him up. #twitterbot #crypto #cryptocurrency #bitcoin #ethereum",0,0,2,0,0
2019-01-28 23:59:39+00:00,How Can Blockchain Technology Impact the Travel Industry? - Altcoin Buzz via BTCnews #Bitcoin https://t.co/1JlCFD9aIf,0,0,0,0,1
2019-01-28 23:59:36+00:00,BTT Tokensale Successfully Dupes Investors | Ledger Live Mobile | Vlad Criticizes https://t.co/rzqTaQoKlK #blockchain #bitcoin #fintech,0,0,1,0,-1
2019-01-28 23:59:26+00:00,BitCoin Learning Guides ( CryptoCurrency ) https://t.co/NSLGtsj9NS fx fb Forex forexsignals,0,0,0,0,0
2019-01-28 23:59:25+00:00,Bitcoin Price Analysis: Major Support Broken on Expanding Volume and Spread https://t.co/6Sws4ekN4a https://t.co/SOGNUgZPGK,0,0,0,0,-1
2019-01-28 23:59:24+00:00,Living on Bitcoin Day 7: A Supposedly Fun Thing I’d Definitely Do Again https://t.co/rXWIg9lUqz https://t.co/hsFdef3vTc,0,0,0,0,0
2019-01-28 23:59:14+00:00,@MustStopMurad Bitcoin will show the world how resilient it is.,0,0,2,0,-1
2019-01-28 23:59:05+00:00,@Twitter Buy bitcoin,0,0,0,0,1
2019-01-28 23:59:04+00:00,All You Need To Know About Bitcoin https://t.co/AqD4iPmfE5 fx fb Forex forexsignals,0,0,0,0,0
2019-01-28 23:59:03+00:00,#Millwall fans sell Bitcoin's in record amounts. #HODL #BTC #Crypto,0,0,1,0,-1
2019-01-28 23:59:03+00:00,Bitcoin price index https://t.co/o7UcHJUhC6 #USD #EUR #CNY #GBP #RUB https://t.co/FWW3BCq4ww,0,0,0,0,1
2019-01-28 23:59:00+00:00,Blockchain Front Page: Anonymous transactions in Bitcoin https://t.co/VqtpQpYQpG #Fintech,0,0,0,0,0
2019-01-28 23:58:56+00:00,The future is coming whether you are ready or not 😎🤑😎🤑😎 Id rather be on this side of the fence 💯💯#Forex #Bitcoin #CryptoCurrency https://t.co/kGOVMrwUOV,0,0,6,0,1
2019-01-28 23:58:50+00:00,"Iran May Unveil State-Backed Cryptocurrency ... 
Read News = https://t.co/SSZqWzMRjh #bitcoin #cryptocurrency #crypto #ripple #xrp #binance #ethereum #news #tron #litecoin #okex #Bithumb #Bittrex #Bittrex #Poloniex #BitMEX https://t.co/xlk0liSPEn",0,0,1,0,0
2019-01-28 23:58:49+00:00,"Getting #newpacs with $BTC? Get discounted shipping, maybe, I think. I don't really know, someone else does the math here. #mineon
#wearenotretail https://t.co/dr96KHHLSM $BTC #bitcoin #altcoin #asics",0,0,0,0,-1
2019-01-28 23:58:34+00:00,Living on Bitcoin Day 7: A Supposedly Fun Thing I’d Definitely Do Again https://t.co/l08YelQvN6 https://t.co/03MmeumrDP,0,0,0,0,0
2019-01-28 23:58:31+00:00,#Bitcoin. Can everyone start buying #btc about now please! Its about time we had a bull run.,0,0,1,0,-1
2019-01-28 23:58:25+00:00,"Cryptocurrency Signals, BitCoin, Dash, Ethereum, Ripple etc https://t.co/DFmHSsOERp fx fb Forex forexsignals",0,0,0,0,1
2019-01-28 23:58:20+00:00,@777luigixxx @Timing_BITCOIN @RippleNinja Do me a favor and stop hiding behind your twitter handle. You might get more sheep’s to follow you. Not financial advise.,0,0,0,0,-1
2019-01-28 23:58:11+00:00,Living on #Bitcoin Day 7: A Supposedly Fun Thing I’d D ... https://t.co/Voy8Zlncuy #20Mission #Adoption #Cryptograffiti #SanFranciscoBay https://t.co/xXltPZyL0l,0,0,0,0,1
2019-01-28 23:58:10+00:00,"Each Bitcoin transaction is simultaneously-recorded in a ""blockchain"" on each computer that updates and informs all accounts.

Find out more! https://t.co/Ll8K4cv3EH #MichaelCao #MichaelCaoBitcoin #MichaelCaoEOS #MichaelCaoCrypto #MichaelCaoBlockOne #MichaelCaoBlockchain https://t.co/W2fZDrNEwz",0,0,0,0,1
2019-01-28 23:58:07+00:00,"Soba fight addiction with the best
https://t.co/rKjdp0WMkW
 #sober #treatement #intervention #addiction #drug #alcohol #dependency #detox #relapse #Malibu #CA#recovery #pill #Meth #Herion #DUI #prevention #dependency #wsj 
#reuters #bitcoin #realsonaldtrump #nytimes #chicago https://t.co/yh06OmN1Nf",0,0,0,0,1
2019-01-28 23:58:01+00:00,"Share Business Opportunities - BE SURE TO READ THIS, BECAUSE ITS AMAZING!! by Carlos Silva: https://t.co/4PKebO8MrT #cryptotab #browser #bitcoin #free",0,1,1,0,1
2019-01-28 23:57:49+00:00,"BTT ICO performed like an ICO in late 2017. Gone in a flash! People are recognizing the potential of Project Atlas. 

#tron #trx #tronics #bitcoin #btc #ethereum #ltc #litecoin #cryptocurrencies #crypto #blockchain #TronSR #DASH #xrp #coinmarketcap #BinanceLaunchpad #bnb #BTT",4,7,39,0,0
2019-01-28 23:57:39+00:00,"Dragon Quest XI - LIVE- The chillest stream to date

https://t.co/YF4VQlvfso 

#DragonQuestXI #opioid #bitcoin #legaliseit

@TwitchSharing @SGH_RTs @GimbleBabyPlays @ButtTv @sharey52403  @ImLiveRT @TwitchRTStream @RetweetPro2 @Buckmurphy420 @SGH_RTs @hungry4tomorrow @pugx_gam3rz https://t.co/F0sWtOQvFo",0,4,3,0,-1
2019-01-28 23:57:34+00:00,"TRON's BitTorrent Tokens Sell Out in Minutes, Binance CEO Says ‘Demand Was Astronomical’ - CryptoGlobe via BTCnews #Bitcoin https://t.co/ogR29cX6WH",0,0,0,0,0
2019-01-28 23:57:29+00:00,"@CryptonoteSoci1 I respectfully disagree. Bitcoin and other transparent blockchains have a decent use case of being the currencies used by transparent governments and other public institutions, where citizens can accurately validate public investments, reducing the funneling of public funds.",1,0,2,0,0
2019-01-28 23:57:27+00:00,"Why a Sub-$3,000 Drop Will Mean Bitcoin Has Entered ‘Nuclear Winter’ https://t.co/JrqHWhGEiF",0,0,0,0,-1
2019-01-28 23:57:20+00:00,"Bitcoin Price Analysis: Major Support Broken on Expanding Volume and Spread
https://t.co/JNClRYpQUd
#Blockchain #Crypto #Cryptocurrency #Altcoin https://t.co/96qSYjkruM",0,0,0,0,-1
2019-01-28 23:57:18+00:00,"Living on Bitcoin Day 7: A Supposedly Fun Thing I’d Definitely Do Again
https://t.co/me3GNZ9KbV
#Blockchain #Crypto #Cryptocurrency #Altcoin https://t.co/1L3iUQxH1O",0,0,0,0,0
2019-01-28 23:57:12+00:00,"Our projections show that by 2022, almost 50% of online stores in the #USA will accept #bitcoin as payment - by 2025 almost all.

#crypto #blockchain #technology #money #trade #business",0,0,0,0,0
2019-01-28 23:57:12+00:00,@777luigixxx @Timing_BITCOIN @RippleNinja Real job? 😂 that’s cute. Keep trolling. I got all day. I don’t have a “real” job remember? But a lot of money since 2016. Your turn.,0,0,0,0,-1
2019-01-28 23:56:51+00:00,Vexchange enables liquidity staking in preparation for VeChain’s mainnet launch - CryptoNinjas via BTCnews #Bitcoin https://t.co/4TFvX6Avgh,0,0,0,0,0
2019-01-28 23:56:51+00:00,Tangem to produce physical notes for Marshall Islands’ SOV cryptocurrency - CryptoNinjas via BTCnews #Bitcoin https://t.co/hyJ0oE1Ih6,0,0,0,0,1
2019-01-28 23:56:41+00:00,"Him once more the people seemed prosperous, so he decided to ask me for your mortar? #twitterbot #crypto #cryptocurrency #bitcoin #ethereum",0,0,0,0,-1
2019-01-28 23:56:35+00:00,"BTC Stable Around $3,600, Bitcoin ETF Withdraw Barely Impacts Markets
➡️https://t.co/asgS9Gi0PZ
🗺️
▶️https://t.co/vdnO18c8ZC
#newsoftheweek #Bitcoin #blockchain #crypto https://t.co/8XEmzA7YUP",0,0,2,0,1
2019-01-28 23:56:30+00:00,Troubled Crypto Exchange QuadrigaCX Goes Offline for ‘Maintenance’ - CoinDesk via BTCnews #Bitcoin https://t.co/iordnqdmYa,0,0,0,0,0
2019-01-28 23:56:26+00:00,Key Researchers on the Pace and Peculiarities of Developing Quantum Computing—and the Possible End of Bitcoin https://t.co/yQ2POeyu0e #Construction #Riverside,0,0,0,0,0
2019-01-28 23:56:23+00:00,"Current luck: 0%, 1 ฿:  $3430.93, ฿ value over 1 week:  $-151 (-4.22%) https://t.co/N0BZQbcl79 #bitcoin",0,0,0,0,1
2019-01-28 23:56:20+00:00,"Speed of improvement of Bitcoin SV right now is one day for one internet year!
!!! #BitcoinSV #BSV
https://t.co/Wz3UyOlGq1 https://t.co/qfwn2FVjPx",0,2,6,0,-1
2019-01-28 23:56:15+00:00,"@XrpCenter @warpaul @6daneA7 @DeistXrp @LithiumHardRock @Lionel46294550 @CryptoJoe91 @stuart_xrp @BGIradji @MoonLamboio @XrpBoy @JoelKatz @Interledger Obviously I'm not reluctant to having additional layers. You keep putting that idea in competition with on-ledger scaling but it's not; they work/multiply together. Bitcoin's the piece of crap it is today because it can't scale on-chain, irrespective of lightning",2,0,5,0,1
2019-01-28 23:56:13+00:00,"@CryptoBrekkie ""And if you want to have most people still know nothing about BitCoin, keep showing it as a metal medallion.""",0,0,1,0,-1
2019-01-28 23:56:04+00:00,"You can get a bitcoin without doing anything for free every day!
Easy to register and all free.
I think that it is a loss to not participate. Lol
It is a loss of opportunity.

From here
https://t.co/P1w8A6wQWY",0,0,0,0,0
2019-01-28 23:55:59+00:00,"@paulvigna @CryptoGamerClub That's why Bitcoin BTC has no fences, maybe this illustrates a global imbalance and why fences and gatekeepers manipulate to their own ends.  Decentralised free global markets using a global trustless confiscation resistant currency will provide equity and equity. New Globalism",0,0,0,0,-1
2019-01-28 23:55:59+00:00,@Forbes @Tronfoundation Journalism is dead.,0,0,0,0,-1
2019-01-28 23:55:40+00:00,"Who wants to sell be #bitcoin? :-)

I like drops like this one",0,0,2,0,0
2019-01-28 23:55:21+00:00,"The Best Bitcoin, Ethereum, Litecoin, Bitcoin Cash leveraged trading exchange https://t.co/ofiJX4o9De The chance to win up to x100! hurry up and start winning..",0,0,1,0,-1
2019-01-28 23:55:08+00:00,@777luigixxx @Timing_BITCOIN @RippleNinja And what are you doing differently? Trolling. GTFOH kid. You make no sense.,0,0,0,0,-1
2019-01-28 23:55:03+00:00,"BitTorrent Tokens Sold Out in Under 15 Minutes, Netting Over $7 Mln https://t.co/12jAbDhVtL via @CoinTelegraph #cryptocurrency #bitcoin https://t.co/nWJzlDCFQo",0,0,0,0,1
2019-01-28 23:55:02+00:00,"SOBA Medical's OPITOX Home Detox Kit, allows you to simply dissolve a tablet under your tongue
https://t.co/NlMlQzSYoZ #sober #treatement #intervention #addiction #dependency #detox #relapse #bitcoin  #recovery #wsj #nytimes #homedetox #pain #newyork #miami #la #cannabis #CBD https://t.co/JBLze6jyQj",0,0,0,0,0
2019-01-28 23:55:01+00:00,"Just caught this on the @bitfinex order books and almost immediately afterward, the second image. $crypto #cryptocurrencies $btcusd $xbtusd #bitcoin https://t.co/2995O2JbDy",0,3,7,1,-1
2019-01-28 23:54:55+00:00,START BITCOIN MINING       https://t.co/xUTh49Onp9,0,0,0,0,-1
2019-01-28 23:54:55+00:00,START BITCOIN MINING       https://t.co/MJs9pSn01W,0,0,0,0,0
2019-01-28 23:54:54+00:00,START BITCOIN MINING       https://t.co/4I684e5UXl,0,0,0,0,1
2019-01-28 23:54:54+00:00,START BITCOIN MINING       https://t.co/S9VgHSxkiT,0,0,0,0,0
2019-01-28 23:54:40+00:00,"My current selection of #bitcoin podcasts - definitely worth your while. Some handles for you:
@TFTC21 @NodedPodcast @WhatBitcoinDid @thecoinpod https://t.co/sGKjF0RLZr",3,0,3,0,0
2019-01-28 23:54:27+00:00,START BITCOIN MINING       https://t.co/sCsbyVECZf,0,0,0,0,1
2019-01-28 23:54:27+00:00,"2% does get us lambos, just not what you're thinking. #mineon #wearenotretail https://t.co/ew7S194bXC $BTC #bitcoin #altcoin #asics https://t.co/tyStXuZ5qT",0,0,0,0,0
2019-01-28 23:54:27+00:00,START BITCOIN MINING       https://t.co/vCWlDH1AEz,0,0,0,0,0
2019-01-28 23:54:26+00:00,START BITCOIN MINING       https://t.co/IufdGZejH2,0,0,0,0,0
2019-01-28 23:54:26+00:00,@Twitter Buy Bitcoin ASAP then sell early January of 2018,0,0,0,0,0
2019-01-28 23:54:25+00:00,START BITCOIN MINING       https://t.co/Xg7G4lJEBO,0,0,0,0,1
2019-01-28 23:54:19+00:00,@777luigixxx @Timing_BITCOIN @RippleNinja Dummy! He’s human. Humans make mistake. And yes I am. The guy made me a lot of money for the last time. Get off my twitter. I’m also good at trolling too. We can go kid.,0,0,0,0,-1
2019-01-28 23:54:19+00:00,"@BraunPhilipp I value Bitcoin because of its fair &amp; unstoppable monetary distribution mechanism. That many people are simply gambling on Bitcoin like they would a slot machine might be true, but I doubt it is a contributing factor to its value.",0,0,3,0,0
2019-01-28 23:54:10+00:00,"I just want to say thank you to everyone using wasabi for their coinjoin needs, the joining has got a lot faster in recent weeks! via /r/Bitcoin https://t.co/UHF2T6mvyk",0,0,0,0,-1
2019-01-28 23:54:09+00:00,"If trading bitcoin is taxable, then why isn't trading Warcraft gold taxable? It has a USD valuation as well. via /r/Bitcoin https://t.co/Qw7f41EkeG",0,0,0,0,-1
2019-01-28 23:54:05+00:00,Living on Bitcoin Day 7: A Supposedly Fun Thing I’d Definitely Do Again https://t.co/g8ZNWarMGz https://t.co/XFoMlpSwRS,0,0,0,0,-1
2019-01-28 23:53:56+00:00,"@Y_deGaia @Xentagz The real question: ""could they ban anonymous Bitcoin transactions?"". Nope, not at all.",0,0,3,0,0
2019-01-28 23:53:45+00:00,@piratebeachbum @kurtwuckertjr @amritabithi @MSkieller @justicemate @DeaterBob @EmrahBSV @ProfFaustus @handcashapp @money_button @BsvDevs @_unwriter @thecashport @CalvinAyre @apagut @that_bch_guy @CryptoPixelDude @shadders333 @OnWindowly @Bitcoin_Beyond @ButtCoin @profaustus I’m not here to tell you anything. I just hope you realize what project you should have chose before it’s too late,0,0,1,0,-1
2019-01-28 23:53:40+00:00,"Lake and I never show it to him. He could wait no longer, for she was the matter. #twitterbot #crypto #cryptocurrency #bitcoin #ethereum",0,0,0,0,1
2019-01-28 23:53:24+00:00,"Swiss Private Bank Introduces Direct Transfers of #Bitcoin, Litecoin, Ether &amp; Bitcoin Cash https://t.co/tPWfZ3oQig #crypto https://t.co/cEwdmbcXeB",0,0,0,0,0
2019-01-28 23:53:24+00:00,@mehyamotpyrc It seems like I'm the only one along with that guy bc all the people who see #Bitcoin for the unsustainable fiat money it is choose not to work in or be involved in the crypto industry.,1,0,0,0,0
2019-01-28 23:53:23+00:00,"#Bitcoin’s claim to value increase-It’s scarcity. 

Understanding Bitcoin’s #Stock to Flow Ratio by https://t.co/xl7vMhJTS3

If you had purchased $1 worth of Bitcoin in 2010 when 3 Bitcoins could be bought for $0.01

https://t.co/X7h8ydRE9L https://t.co/LCJWiaHBJM",0,0,0,0,-1
2019-01-28 23:53:23+00:00,"@Bitcoin_Win @ChrisMurphyCT Privatize profits, privatize loses. Let the market decide winners and losers. Government shouldn’t be picking winners and losers.",2,0,0,0,0
2019-01-28 23:53:12+00:00,Should probably organize a UK #Bitcoin meetup post-March #Brexit collapse as a humanitarian gesture. I’ll ship some food ahead just in case none available.,19,12,86,2,0
2019-01-28 23:53:08+00:00,"1: Bitcoin average price is $3473.77449263 (0.23% 1h)
2: XRP average price is $0.2952104825 (0.72% 1h)
3: Ethereum average price is $106.639767173 (0.67% 1h)
4: EOS average price is $2.2522956273 (1.1% 1h)
5: Tether average price is $1.0095535719 (0.12% 1h)",0,0,1,0,-1
2019-01-28 23:53:04+00:00,Bitcoin [BTC]’s trade projected to rise as Venezuela embraces pro-Bitcoin Interim President Juan Guaido - https://t.co/5WyBPAjlCm,1,1,0,0,0
2019-01-28 23:52:58+00:00,"#Bitcoin may have had a rough 2018, but for many in Venezuela it truly is a lifeline for any wealth they have left. https://t.co/ovOlY93YEG",1,1,7,0,-1
2019-01-28 23:52:58+00:00,Troubled Crypto Exchange QuadrigaCX Goes Offline for ‘Maintenance’ https://t.co/e2g2f3NBUp  #XBT #BTC #Bitcoin,0,0,0,0,-1
2019-01-28 23:52:55+00:00,"Market takes a dip and the charts come out. Market climbs and the cheerleaders come out. Bitcoin does bitcoin and doesn't give a fuck, that's what I'm happiest about. #mineon #wearenotretail https://t.co/ew7S194bXC $BTC #bitcoin #altcoin #asics",0,0,0,0,1
2019-01-28 23:52:51+00:00,START BITCOIN MINING       https://t.co/Na1gSBLlJY,0,0,0,0,-1
2019-01-28 23:52:38+00:00,"If #bitcoin were a human would you be friends...?

I wouldn't, constantly changing (its mind), interesting, but stressful even for more than a year at a time, and probably more expensive in maintenance as time passes.

#crypto #blockchain #relationship #tech #fintech",0,1,1,0,1
2019-01-28 23:52:35+00:00,"Dolphincoin is still a child, it will grow up! If you have it, you will have great wealth in the future! It is the next dogecoin!
#Bitcoin #blockchain #BTC https://t.co/O8jvP3BUfx",0,0,2,0,-1
2019-01-28 23:52:03+00:00,The Hardware Bitcoin Wallet. Get Trezor now for only 89 EUR https://t.co/RyPUbER3cs #btc #bitcoin 18 https://t.co/YgkQwV1igF,0,0,0,0,-1
2019-01-28 23:52:01+00:00,A Supposedly Fun Thing I’d Definitely Do Again https://t.co/ih69nrX4ji #Bitcoin #Magazine https://t.co/A7d3YfFTCX,0,0,0,0,1
2019-01-28 23:52:00+00:00,The future of cryptocurrencies: Bitcoin and beyond https://t.co/7gkTyqnTmD,0,0,0,0,1
2019-01-28 23:51:57+00:00,"@Bitcoin_Win @ChrisMurphyCT Those are your facts, or something like that?",1,0,0,0,0
2019-01-28 23:51:53+00:00,"🔄 Prices update in $USD (1 hour):

$BTC - 3433.2 $  (+0.13 %)
$ETH - 105.26 $  (+0.49 %)
$XRP - 0.29 $    (+0.61 %)
$BCH - 111.3 $   (+1.27 %)
$BSV - 64.7 $    (+0.15 %)
$LTC - 30.92 $   (+1.41 %)

#BTC #ETH #XRP #BCH #BSV #LTC #Trading #Crypto #Bitcoin",0,0,1,0,1
2019-01-28 23:51:21+00:00,@TheBubbleBubble @zerohedge People are sound asleep.  They should pile into gold/silver and Bitcoin/ethereum now like Russia.  This means printing continues and dollar destruction,0,0,0,0,1
2019-01-28 23:51:05+00:00,"They are young, flexible, and truly understanding, and therefore deeply understand how online communities behave and how to interact properly and maintain them # ALCEDO #Blockchain #Investing #Alcedoico #TokenSale #Crowdsale #Bitcoin #ICO #Token #Ethereum",0,0,1,0,1
2019-01-28 23:51:02+00:00,"#Bitcoin stumbles to a 6-week low Bitcoin prices moved lower on Monday, extending losses from the weekend that saw the No.1 digital currency trade at its lowest level in more than a month. On Monday, a single bitcoin https://t.co/4Emfs4stJE #ai #data #health",0,0,0,0,1
2019-01-28 23:50:49+00:00,"Check out some of the #trading strategies available for #cryptocurrency -
https://t.co/jFlIPZ94dG
#bitcoin #altcoin #bollingerband",1,0,2,0,-1
2019-01-28 23:50:46+00:00,@Twitter invest in bitcoin,0,0,0,0,1
2019-01-28 23:50:42+00:00,"US Justice Department charges Chinese #tech giant Huawei WASHINGTON — The Justice Department unsealed criminal charges Monday against Chinese tech giant Huawei, two of its subsidiaries and a top executive, who are accused of misl... https://t.co/PwBtubteBt #bitcoin #finance #iot",0,0,1,0,-1
2019-01-28 23:50:40+00:00,"She seemed very reluctant, but at last called a pheasant. #twitterbot #crypto #cryptocurrency #bitcoin #ethereum",0,0,0,0,-1
2019-01-28 23:50:29+00:00,This Startup Is Fixing The Biggest Security Hole In Bitcoin Exchanges - Forbes https://t.co/y28QqmDEUl,0,0,0,0,1
2019-01-28 23:50:28+00:00,Cloudbric Blockchain Security Platform Adds KDEX Exchange and SQNetworks as New Partners - Bitcoin Exchange Guide https://t.co/uX9c3qrSui,0,0,0,0,0
2019-01-28 23:50:24+00:00,@ari_cryptonized @giacomozucco @stephendpalley Next one: it's a risky bet to assume you can continue bitcoin's success story by making further growth in use dependent on the whole ecosystem changing the basic codes of every monetary interaction.,1,0,0,0,1
2019-01-28 23:50:22+00:00,Taking #Business IT to the Next Level: https://t.co/uferZJdeeK Acquires Level4 Technologies Taking Business IT to the Next Level: https://t.co/uferZJdeeK Acquires Level4 Technologies – Business #News Today – EIN News The post Taking ... https://t.co/PSW9fxmMF5 #bitcoin #ai #tech,0,0,0,0,0
2019-01-28 23:50:16+00:00,"IMPORTANT :
Only 2 days remaining until the first stage of the #Airdrop ends :
Buy more than 0.05 #btc and get 30 % #CTF bonus

#Gifts : You need to buy at least 0.2 btc to win the #Cryptofy gifts
#ICO #bitcoin #ERC20 #bountyhunter #bounty #ethereum #cryptocurrency #livecoin $ETH https://t.co/4bOnGXaWix",1,3,16,21,-1
2019-01-28 23:50:15+00:00,"1 BTC is 
 INR   245,882 or
 USD   3,458 or
 GBP   2,630 or
 EUR   3,026

 #Bitcoin #BitcoinPrice",0,0,0,0,0
2019-01-28 23:50:07+00:00,"Bitcoin [BTC]: There are currently five trusted PGP keys, says Mastering Bitcoin author - AMBCrypto News https://t.co/eXUQe16HN6 https://t.co/4Dfo2QpcEo",0,0,0,0,-1
2019-01-28 23:50:06+00:00,"New Airdrop 👌

Name : Kuverit
URL : https://t.co/G5Mn1GolPp
Token : 20 KUV | 20$

Note : 
👍👍👍👍👍

#airdrop #bounty #token #crypto #currency #cryptocurrency #bitcoin #ethereum",0,0,1,0,1
2019-01-28 23:50:06+00:00,"Portal Allows You to Buy Altcoins Using Fiat, Without Converting to Bitcoin or Ethereum First - Cointelegraph https://t.co/v9L55TjH0s https://t.co/Mw8rgE5MAI",0,0,0,0,-1
2019-01-28 23:50:04+00:00,"@user14201 Oh and the mcap thing does apply to bitcoin as well right now 170k btc is held by Mt gox which won't be releases till later 110k is held from silk road.
Studies have shown 2.5 to 6 million is lost and can't be used why not lower btc market cap to reflect that",1,0,0,0,0
2019-01-28 23:49:36+00:00,@RampCapitalLLC Bitcoin next bull run will have your tweet per day chart looking like that while stocks are in shambles due to recession 🤓,0,0,1,0,1
2019-01-28 23:49:23+00:00,👍 on @Vimeo: Banking on Bitcoin - Trailer https://t.co/yqvOge03TI,0,0,0,0,-1
2019-01-28 23:49:12+00:00,Bitcoin Price Analysis: Major Support Broken on Expanding Volume and Spread https://t.co/WjHwxprC6s * * * * * #blockchain #profit #bitcoin #Crypterium #Electroneum #XLM #NANO #ETH https://t.co/iER4x1ZNRV,0,0,0,0,1
2019-01-28 23:49:11+00:00,Living on Bitcoin Day 7: A Supposedly Fun Thing I’d Definitely Do Again https://t.co/hi5qYzQweG * * * * * #blockchain #profit #bitcoin #Crypterium #Electroneum #XLM #NANO #ETH https://t.co/BtmO9dweUG,0,0,0,0,1
2019-01-28 23:49:09+00:00,"LAST TRADE: SELL 0.01000000BTC@3005.9EUR
SELL WALL: 55.008BTC@3030.1EUR
BUY WALL: 85.192BTC@2800.0EUR
SUM SHORTS: 1540956EUR
SUM LONGS: 1447153EUR
DIFFERENCE SHORTS vs LONGS: 93803 EUR
FIRST SELL WALL: 11.86BTC@3008.3
FIRST BUY WALL: 13.097BTC@3004.8
#btc #bitcoin",0,0,0,0,0
2019-01-28 23:49:05+00:00,"Interesting insights from the State of Enterprise Blockchain study. Study closes on 1/3. Will you take a few moments to add your input and share?

https://t.co/fGRBRoRfsJ
#blockchain #infosecurity #ethereum #bitcoin @EmoryUniversity @AprioAdvisors @provideplatform https://t.co/5G5MyHuJ3g",0,1,1,0,0
2019-01-28 23:49:00+00:00,Living on Bitcoin Day 7: A Supposedly Fun Thing I'd Definitely Do Again - Bitcoin Magazine https://t.co/sFBFHuS8TZ,0,0,0,0,0
2019-01-28 23:48:43+00:00,Troubled Crypto Exchange QuadrigaCX Goes Offline for ‘Maintenance’ https://t.co/hccZ8Slhg4 via @coindesk #bitcoin #Bitcoin https://t.co/rBrU51xiAZ,0,0,0,0,1
2019-01-28 23:48:34+00:00,$FTEG has great news this late afternoon. https://t.co/A7f6Wqa3f4 via @OTCMarkets #stockstowatch #stockalert #Investor #stocks #Reuters #bloomberg #thestreet #forbes #nytimes #cnn #ihub #google #bitcoin #money #wealth #yacht #radio #media #cnbc #WallStreet #NewYork #hemp #cbd,0,1,2,0,1
2019-01-28 23:48:31+00:00,@Carsten71071425 @DeaterBob @jratcliff Can you not read: This has nothing to do with what is or isn't Bitcoin.,1,0,0,0,-1
2019-01-28 23:48:30+00:00,Bitcoin Price Analysis: Major Support Broken on Expanding Volume and Spread https://t.co/GOIRhMfOu8 https://t.co/NYYZC349Vh,0,0,0,0,0
2019-01-28 23:48:29+00:00,Living on Bitcoin Day 7: A Supposedly Fun Thing I’d Definitely Do Again https://t.co/wCPUL7Fm5o https://t.co/NBse2YNOd0,0,0,0,0,0
2019-01-28 23:48:28+00:00,Bitcoin Price Analysis: Major Support Broken on Expanding Volume and Spread https://t.co/7LH59bl4P9,0,1,2,0,0
2019-01-28 23:48:27+00:00,Living on Bitcoin Day 7: A Supposedly Fun Thing I’d Definitely Do Again https://t.co/zyUJ9SqTXJ,0,0,0,0,0
2019-01-28 23:48:23+00:00,#Bitcoin Price Analysis: Major Support Broken on Expanding Volume and Spread https://t.co/mlh7ryIAeY via @BitcoinMagazine #cryptocurrency https://t.co/VetAXtBXOh,0,0,0,0,0
2019-01-28 23:48:23+00:00,"@WilliamJLuther @_PeterRyan @giacomozucco @DustinDry1st @memobch I think you are describing a situation where the definition of ""intrinsic worth"" simply needs to be reexamined and have the definition updated due to the existence of Bitcoin. Had Bitcoin existed during Mises' lifetime I'm sure he would have made said update himself.",0,0,0,0,1
2019-01-28 23:48:21+00:00,"@coinyeezy @_PeterRyan @C0inAlchemist @parallelind @naval @santisiri @mayazi One holds Bitcoin, the other Ethereum and they're friends?

Clearly a work of fanciful fiction. Only a small child could be duped by such nonsense.",0,0,6,0,-1
2019-01-28 23:48:19+00:00,"Bitcoin, Ripple, Ethereum, EOS, Bitcoin Cash, Litecoin, Tron, Stellar, Bitcoin SV, Cardano: Price Analysis, Jan. 28 https://t.co/Bd5uX0zjRW via @cointelegraph",0,0,0,0,0
2019-01-28 23:48:17+00:00,https://t.co/OYTbexTXgb: Bitcoin Price Analysis: Major Support Broken on Expanding Volume and Spread https://t.co/3ISFdBvV6F,0,0,0,0,0
2019-01-28 23:48:17+00:00,https://t.co/OYTbexTXgb: Living on Bitcoin Day 7: A Supposedly Fun Thing I’d Definitely Do Again https://t.co/oYFQmFqvh6,0,0,0,0,0
2019-01-28 23:48:15+00:00,"Canadian crypto exchange QuadrigaCX, whose customers have been unable to withdraw funds for months, has been inaccessible for several hours. ""Troubled Crypto Exchange QuadrigaCX Goes Offline for ‘Maintenance’"" https://t.co/xatyrK4ikw #Bitcoin #crypto",0,0,0,0,0
2019-01-28 23:48:10+00:00,"#CriptoMonedaseICO TRON and Binance Optimistic on BitTorrent But Analyst Says it Could be Overplayed - https://t.co/qjDFAdPUiJ
 -  
By @criptomonedaseico - 
#trader #trading #altcoin #decentralize #hashrate #bitcoins #bitcoin #cryptocurrency #blockchain #newspictures",0,0,0,0,0
2019-01-28 23:47:49+00:00,Ripple Sends a Quarter Billion Dollars Worth of XRP to Crypto Exchange and Mystery Wallet https://t.co/MZWsTIuEpH #cryptocurrency #bitcoin #eth #btc #ICO #news,0,0,0,0,-1
2019-01-28 23:47:47+00:00,"LOVE!!EstoniaWe hope to help, thank you. 
/bitcoin 1896UwURka9J4MCbSdwfMc1pynArfWYXUf   
/amazon.com Wish List https://t.co/kd453LxDOR",1,1,0,0,1
2019-01-28 23:47:46+00:00,"Bitcoin and Blockchain Roundup for January 28, 2019 - https://t.co/izJTUeTls6 https://t.co/LMrBs0uweW",0,0,0,0,0
2019-01-28 23:47:40+00:00,Meeting of all proportion to the stranger. He received it with the earth. #twitterbot #crypto #cryptocurrency #bitcoin #ethereum,0,0,0,0,-1
2019-01-28 23:47:34+00:00,Bitcoin Price Looks South After Drop to Six-Week Lows https://t.co/3Y00qdvo6z https://t.co/I63dKjeYFp,0,0,0,0,0
2019-01-28 23:47:34+00:00,Behind Bitcoin's collapse - Independent https://t.co/Lu8I73Npqc https://t.co/hGUHkKh4H0,0,0,0,0,1
2019-01-28 23:47:29+00:00,"@ibnzUK @AltcoinSara $BSV is Bitcoin v0.1.0. The version set in stone that has its genesis block dating back in 2009. Scales, works, stores &amp; carries data around, hosts serverless content, immutable ledger that acts as peer to peer cash and it does it all ON CHAIN. That doesn't look remotely ""iffy"".",1,1,0,0,0
2019-01-28 23:47:25+00:00,@MikePMoffatt Church of the BitCoin.  Makes sense now.,1,0,2,0,-1
2019-01-28 23:47:22+00:00,Bitcoin Price Analysis: Major Support Broken on Expanding Volume and Spread https://t.co/LxzK0z79Op,0,0,0,0,0
2019-01-28 23:47:22+00:00,"@ari_cryptonized @giacomozucco @stephendpalley Let me have a try: making basic functions of bitcoin (backup, receiving) inherently more difficult inevitably restricts average users independence from middlemen.",1,0,0,0,1
2019-01-28 23:47:22+00:00,Living on Bitcoin Day 7: A Supposedly Fun Thing I’d Definitely Do Again https://t.co/EgBpgI2l6Z,0,0,0,0,-1
2019-01-28 23:47:12+00:00,"@fundstrat @MisterBitty_ I hope you don't stop making price predictions for Bitcoin. We need legit security analysts to try to price crypto assets, which is extremely difficult.  I give you MAJOR props for building crypto valuation frameworks.  Most wall street types are frankly too scared to even try.",0,0,7,1,1
2019-01-28 23:47:06+00:00,"Please send amount to bitcoin address.

 bitcoin://1MwWciM8p4r931StjfBCRcxmhmNpGnDnew?amount=0",0,0,0,0,0
2019-01-28 23:47:01+00:00,Major Support Broken on Expanding Volume and Spread https://t.co/WzLwDGTV6O #Bitcoin #Magazine https://t.co/xwlJyby5C8,0,0,0,0,1
2019-01-28 23:46:36+00:00,"Read #Crypto &amp; #Forex news: https://t.co/TMfCaTqNUV

China's industrial profits due at the bottom of the hour https://t.co/8mFQxS3LMY #Bitcoin #Btc #Cryptocurrency",0,0,0,0,-1
2019-01-28 23:46:35+00:00,"Read #Crypto &amp; #Forex news: https://t.co/TMfCaTqNUV

China's industrial profits for December YoY -1.9% vs -1.8% in November https://t.co/LGeOF5fywB #Bitcoin #Btc #Cryptocurrency",0,0,0,0,0
2019-01-28 23:46:35+00:00,"Read #Crypto &amp; #Forex news: https://t.co/TMfCaTqNUV

Chinese stocks open with solid gains https://t.co/W6AUfdklC4 #Bitcoin #Btc #Cryptocurrency",0,0,0,0,0
2019-01-28 23:46:34+00:00,Bitcoin Price Analysis: Major Support Broken on Expanding Volume and Spread https://t.co/ye2wLM8Mkt,0,0,0,0,0
2019-01-28 23:46:34+00:00,"algorithm by another month. Since bitcoin has public ledger, it would let the world know how much I had received, and while the world migrated away from RSA I would receive about 5K a month taking me out of poverty. +",1,0,0,0,-1
2019-01-28 23:46:33+00:00,Living on Bitcoin Day 7: A Supposedly Fun Thing I’d Definitely Do Again https://t.co/DIKFeQkmnH,0,0,0,0,-1
2019-01-28 23:46:25+00:00,"In a few decades when the reward gets too small, the transaction fee will become the main compensation for nodes.
#bitcoin #satoshi #btc $btc #cryptotwitter",0,0,0,0,1
2019-01-28 23:46:24+00:00,@misir_mahmudov I can’t tell who’s posts I love more between you and @MustStopMurad so glad we got you in bitcoin!,0,0,3,0,1
2019-01-28 23:46:24+00:00,BitCoin Troubled Crypto Exchange QuadrigaCX Goes Offline for ‘Maintenance’ https://t.co/jG1is7mBJj,0,0,0,0,0
2019-01-28 23:46:18+00:00,Bitcoiners Increasingly Dumping Crypto [BTC] for Gold Investments in 2019 https://t.co/ybYDKm0sK8 #bitcoin,0,0,2,0,1
2019-01-28 23:46:17+00:00,#CryptoTab Browser   FAQ with All Answers! https://t.co/E2LW3RRMrZ via @YouTube #bitcoin #free #browser #update,0,1,1,0,0
2019-01-28 23:46:15+00:00,"#Bitcoin Drops to Lowest in a Month to $2156, as cost of mining bitcoin puts many miners underwater. Will only a lower cost #cryptocurrency make sense going forward? https://t.co/4WtnlOZwiE",0,0,0,0,-1
2019-01-28 23:46:12+00:00,"Please send amount to bitcoin address.
 bitcoin://1MwWciM8p4r931StjfBCRcxmhmNpGnDnew?amount=0

Sharing is caring, I need to pay rent, 
#bitcoin #egg #richandpoor #money #address #cryptocurrency",1,0,2,0,-1
2019-01-28 23:46:10+00:00,Bitcoin Price Analysis: Major Support Broken on Expanding Volume and Spread https://t.co/nmPOMqPQ4N #bitcoin,0,0,2,0,1
2019-01-28 23:46:09+00:00,"Crypto Canarge: $6 Billion Wiped Out as Bitcoin Drops to $3,350: What’s Causing the Drop? https://t.co/iiUikWa6o9",0,0,0,0,-1
2019-01-28 23:46:08+00:00,"OctoBot ALERT : #Bitcoin
 Symbol : #BTCUSDT
 Result : SHORT
 Evaluation : 0.33018327549175003",2,0,0,0,-1
2019-01-28 23:46:07+00:00,"Install the CryptoTab browser and get a speed boost with a familiar Google Chrome interface and enhanced features.
The link for Crypto Tab Browser :https://t.co/27TvVydkvR

#bitcoin #google #mining #比特幣 #Cryptocarency",0,0,0,0,1
2019-01-28 23:46:04+00:00,"@brian_trollz @DeaterBob @jratcliff It already happened!

Segwit also increased Bitcoins capacity by moving witness data into a new data structure. And we still call it Bitcoin.

It could happen again.",1,0,1,0,-1
2019-01-28 23:45:55+00:00,Bitcoin Price Analysis: Major Support Broken on Expanding Volume and Spread https://t.co/dtvAcI0w4Y #blockchain #bitcoin #crypto,0,0,1,0,0
2019-01-28 23:45:54+00:00,Living on Bitcoin Day 7: A Supposedly Fun Thing I’d Definitely Do Again https://t.co/Pjuoj8lBth #blockchain #bitcoin #crypto,0,0,0,0,0
2019-01-28 23:45:51+00:00,.1 to 100 BTC challenge – Updated levels for ₿itcoin (XBTUSD) https://t.co/ioExn5AhLM #bitcoin,0,0,0,0,0
2019-01-28 23:45:47+00:00,Living on Bitcoin Day 7: A Supposedly Fun Thing I’d Definitely Do Again https://t.co/RKD5SmPFJD,0,0,0,0,0
2019-01-28 23:45:47+00:00,Bitcoin Price Analysis: Major Support Broken on Expanding Volume and Spread https://t.co/43DdPzscjk,0,0,0,0,-1
2019-01-28 23:45:42+00:00,"#CME #bitcoin $BTC Jan19 #Futures Expire @$3560.00 Code BTCF9 
#trading #EXCHANGE #btc 
https://t.co/QO2fL8QcMI",0,0,0,0,-1
2019-01-28 23:45:38+00:00,Did you know you can share you diversification score and relative #crypto holdings without revealing any actual amounts? Find out how well diversified your holdings are with the Crypto Millionaire app! #Bitcoin #Crypto #Ethereum #Litecoin #Ripple #EOS https://t.co/t9buRf9XUx,0,0,0,0,1
2019-01-28 23:45:30+00:00,"💥💥 HUUGE #CONTEST ANNOUNCEMENT! 

10,000 HTS @HotShotCoin #GIVEAWAY &amp; #BOUNTY

➡️ ENTER HERE: https://t.co/j9a58Pmmei

➡️ TAG 2 FRIENDS 

➡️ LIKE &amp; RETWEET

Thanks to everyone who enters my contest &amp; bounties! #MondayMood 

#cryptocurrency #news #technews #blockchain #bitcoin",3,3,3,2,0
2019-01-28 23:45:12+00:00,@gakonst @giuliacfanti Those might be integrated into bitcoin too,0,0,0,0,1
2019-01-28 23:45:07+00:00,"Litecoin’s (LTC) New Logo and Refined Vision for 2019 and Beyond
Read more: https://t.co/mxcirBsbzs
#cryptocurrency #cryptonews #crypto #algory #BTC #LTC #Bitcoin #Litecoin",0,0,0,0,-1
2019-01-28 23:45:07+00:00,Shrewdness in VanEck’s Bitcoin ETF Withdrawal? https://t.co/3PVrGUbDPY #bitcoin,0,0,0,0,1
2019-01-28 23:45:06+00:00,TRON and Binance Optimistic on BitTorrent But Analyst Says it Could be Overplayed https://t.co/qX3GKL8V85 #bitcoin,0,0,1,0,-1
2019-01-28 23:45:06+00:00,Living on Bitcoin Day 7: A Supposedly Fun Thing I’d Definitely Do Again – Bitcoin… https://t.co/hgN4vKXIjk #bitcoin,0,0,0,0,0
2019-01-28 23:45:06+00:00,"with proof. Submit a 4096-bit RSA public key, and I would post a response signed by the corresponding private key proving that I broke it. I said I will reveal the algorithm in 3 months but for every $5,000 received at a specific bitcoin address, I would delay release of the +",1,0,1,0,1
2019-01-28 23:45:03+00:00,"@piratebeachbum @amritabithi @MSkieller @justicemate @DeaterBob @EmrahBSV @ProfFaustus @handcashapp @money_button @BsvDevs @_unwriter @thecashport @CalvinAyre @apagut @that_bch_guy @CryptoPixelDude @shadders333 @OnWindowly @Bitcoin_Beyond @ButtCoin @profaustus In my experience, people who feign pity for people who disagree with them in respectful debates about value are the ones who need a hug. If you'll share a hug, I'll share one back, brother.",0,0,2,0,-1
2019-01-28 23:45:00+00:00,Venezuela Bitcoin Trading Sets Giant All-Time High #venezuela #bitcoin #localbitcoins #nicolasmaduro #cryptocurrency #bitsmart https://t.co/Jf96q0sC1F,0,0,0,0,1
2019-01-28 23:44:56+00:00,@missnatoshi Anything that isn’t bitcoin,0,0,0,0,-1
2019-01-28 23:44:39+00:00,"Get it, but in spite of all kinds of medicines both internally and externally. #twitterbot #crypto #cryptocurrency #bitcoin #ethereum",0,0,0,0,1
2019-01-28 23:44:39+00:00,"Hear ye hear ye, invest in #Bitcoin before it's too late, sike ha!. Invest in #EthereumClassic before it's too late. 😁 https://t.co/mPG2SDGoI9",0,0,2,0,0
2019-01-28 23:44:33+00:00,Altcoins Plunge as Bitcoin and Crypto Markets Drop Below Recently Established Support Levels https://t.co/4RIe6IUJS7 https://t.co/F1DKPw4NsH,0,0,1,0,-1
2019-01-28 23:44:26+00:00,.1 to 100 BTC challenge  Updated levels for #bitcoin XBTUSD  for BITMEX:XBTUSD by thinkinghuman https://t.co/hBkoxi0JGg https://t.co/Zrc3RWCzG1,0,1,1,0,1
2019-01-28 23:44:19+00:00,Bitcoin Price Analysis: Major Support Broken on Expanding Volume and Spread https://t.co/WsKlsMVZCU #bitcoin #blockchain #fintech,0,0,3,0,0
2019-01-28 23:44:18+00:00,Living on Bitcoin Day 7: A Supposedly Fun Thing I’d Definitely Do Again https://t.co/aL37b3iJos #bitcoin #blockchain #fintech,0,0,2,0,0
2019-01-28 23:44:15+00:00,.1 to 100 BTC challenge – Updated levels for Bitcoin (XBTUSD) https://t.co/tjPAb5spLx Ⓜ 1Click Masternodes via → https://t.co/fYB9VVCwhr https://t.co/uAUye6zs5H,0,0,1,0,0
2019-01-28 23:44:13+00:00,A Big Picture of Bitcoin #BTC ! Chinese New Year coming. https://t.co/EypAHjLSS4 Ⓜ 1Click Masternodes via → https://t.co/fYB9VVCwhr https://t.co/3GLjz5m6pf,0,0,1,0,0
2019-01-28 23:44:13+00:00,"Forget About Scalability: Charlie Lee is Working to Add Condifendital Transactions to Litecoin
Read more: https://t.co/KlugTRVnsg
#cryptocurrency #cryptonews #crypto #algory #BTC #LTC #PIVX #Bitcoin #Litecoin #PIVX #blockchain",0,0,0,0,1
2019-01-28 23:44:12+00:00,"Bitcoiners Increasingly Dumping Bitcoin for Gold Investments in 2019 - https://t.co/fOLAJKSCfY

#Bitcoin #Crypto #News #Blockchain #ICO #RT",0,0,1,0,0
2019-01-28 23:44:11+00:00,BBT will be back #livestreaming this Sunday Feb3 - on family vacation until 2 Feb : Take the time with your family and kids - it's the whole point of the grind #Bitcoin #Blockchain #cryptocurrency https://t.co/pyRGtfhFPm,0,0,11,0,1
2019-01-28 23:44:08+00:00,"Bitcoin Falls Below $3,500 as Fresh Downturn Hits Cryptocurrency Markets https://t.co/x2ApyiHPqA",0,0,0,0,-1
2019-01-28 23:44:07+00:00,Bitcoin Price Analysis: Major Support Broken on Expanding Volume and Spread https://t.co/2BDdaPxY3m https://t.co/ut7BQvxZ1E,0,0,0,0,1
2019-01-28 23:44:02+00:00,Crypto Update: Top Coins Break Support as Consolidation Period Ends #bitcoin #btc #altcoins Eos/usd https://t.co/LTZ42hPxL7 https://t.co/QrSF7b9j6K,0,0,0,0,0
2019-01-28 23:44:01+00:00,"Bitcoin [BTC] and other cryptocurrencies can now be credited to Uber app
https://t.co/1p43oh3MAR
$BTC #ETH $ETH #Ripple #BTC #Bitcoin #Ethereum $xrp #BitcoinCash #Altcoins",1,3,6,1,1
2019-01-28 23:44:00+00:00,"Why a Sub-$3,000 Drop Will Mean Bitcoin Has Entered 'Nuclear Winter' - CCN https://t.co/f9Z3mzlOHD",0,0,1,0,0
2019-01-28 23:43:52+00:00,Nice artwork #bitcoin #cryptocurrency $btc https://t.co/PPq3UQEN9C,0,0,0,0,0
2019-01-28 23:43:47+00:00,"Tron Price Analysis: TRX Absorb Sell Pressure, up 7.4%
➡️https://t.co/Gf5r4gduqg
🗺️
▶️https://t.co/vdnO18c8ZC
#newsoftheweek #Bitcoin #blockchain #crypto https://t.co/bllvG1Bfsg",0,1,2,0,-1
2019-01-28 23:43:46+00:00,@bradmillscan @ErikVoorhees Decentralized money already exists. Bitcoin already succeeded. I could say that you are who is missing the logic.,0,0,0,0,1
2019-01-28 23:43:45+00:00,"One Month Later, Which Crypto Is Winning the Bitcoin Cash Split?  https://t.co/gs8zTHHAtT blockchainers dlt https://t.co/u7rJ2D8Qxr",0,0,0,0,0
2019-01-28 23:43:44+00:00,#ETC will pump fast and strong above $100 soon. The wake-up of a sleeper will coming for real. #ethereumclassic will bring up a great news after all projects that they have done. Dont be late. #crypto #cryptocurrency #CryptoNews #Vergecurrency #ethereum #bitcoin,0,0,1,0,-1
2019-01-28 23:43:41+00:00,"🔄 Prices update in $USD (1 hour):

$BTC - 3438.8 $  (+0.37 %)
$ETH - 105.73 $  (+1.16 %)
$XRP - 0.29 $    (+1.76 %)
$BCH - 111.3 $   (+1.46 %)
$BSV - 64.6 $    (+0.31 %)
$LTC - 31.02 $   (+1.97 %)

#USD #Dollar #BTC #ETH #XRP #BCH #BSV #LTC #Trading #Crypto #Bitcoin #Ethereum",0,0,1,0,-1
2019-01-28 23:43:39+00:00,"Stop procrastinating. 
Free registration at 
https://t.co/OtzpZBn3tA #gold #cryptocurrency  #savingingold #tokens #freedom #win #goldismoney #millionaire #entrepreneur #bitcoin #kcb #KBC #stayathomemom #homebasebusiness 
#LevelUpTime 
#NextLevelBusiness

https://t.co/2FrHcYHaiY",0,0,1,0,-1
2019-01-28 23:43:32+00:00,"@jcho710 Just passing some time and having fun in crypto Twitter in bear times, genuinely interested to read more on counter bitcoin thesis. Appreciating charting knowledge too, thanks
!",1,0,0,0,0
2019-01-28 23:43:30+00:00,"Getting ready for #futurenet meeting here in Dublin 

If you are not using Futurenet we should talk ;)

#business #Marketing #money #Bitcoin #homebusiness #earnonline https://t.co/oyUpEx1FDi",0,0,2,0,-1
2019-01-28 23:43:25+00:00,Gippo Bitcoin Mining - Best Real Mining: https://t.co/XgeOLnwCeq via @YouTube,0,0,0,0,1
2019-01-28 23:43:22+00:00,"GDPR Can’t Stop Behavioral Ads, But These Bitcoin-Friendly Browsers Can Help https://t.co/QH5gnMooWv",0,0,0,0,1
2019-01-28 23:43:22+00:00,JPMorgan Argues Bitcoin Only Valuable in a ‘Dystopian’ Environment https://t.co/rCnFyTIfO5,0,0,0,0,1
2019-01-28 23:43:21+00:00,Venezuela Bitcoin Trading Sets Giant All-Time High https://t.co/EgL252hEjK,0,0,1,0,0
2019-01-28 23:43:19+00:00,Bitcoin Price Struggles As Crypto Market Cap Nears $100 Billion Support https://t.co/XPlKNKU8zi,0,0,0,0,1
2019-01-28 23:43:19+00:00,Van Eck: Bitcoin Investors Also Investing in Gold https://t.co/Y3a0kjaFJs,0,0,0,0,1
2019-01-28 23:43:18+00:00,JPMorgan &amp; Chase: Only Low-Cost Chinese Bitcoin Miners in Profitable Positions https://t.co/80t0zNH2lX,0,0,0,0,0
2019-01-28 23:43:17+00:00,Top Bitcoin Lightning Apps You Can Use Today (Part 2) https://t.co/iKTgGWEPEL,0,0,1,0,-1
2019-01-28 23:43:13+00:00,"I just want to say thank you to everyone using wasabi for their coinjoin needs, the joining has got a lot faster in recent weeks! via /r/Bitcoin https://t.co/NursaMigwT #bitcoin",0,0,0,0,0
2019-01-28 23:43:13+00:00,"If trading bitcoin is taxable, then why isn't trading Warcraft gold taxable? It has a USD valuation as well. via /r/Bitcoin https://t.co/yHj7mDMoDN #bitcoin",0,0,0,0,1
2019-01-28 23:42:43+00:00,@hodlonaut Bitcoin does not need fungability. It has good liquidity that's all a currency needs.,1,0,1,0,1
2019-01-28 23:42:15+00:00,"@SFox @mosesma @PsychToday Danny Kim, Bitcoin psychologist. I like it!",0,0,1,0,0
2019-01-28 23:42:10+00:00,Troubled Crypto Exchange QuadrigaCX Goes Offline for ‘Maintenance’ https://t.co/VZMahYAiwF #blockchain #bitcoin #crypto,0,0,1,0,1
2019-01-28 23:41:50+00:00,Bitcoin Lightning Network Explained (+ Insane 1 Year Growth) https://t.co/ri2pntR6Ko,0,0,1,0,-1
2019-01-28 23:41:41+00:00,"#Read - ""Bitcoin Price Analysis: Major Support Broken on Expanding Volume and Spread"" https://t.co/LuUVf0YXG3 #Bitcoin #BTC #New #Update",0,0,1,0,-1
2019-01-28 23:41:40+00:00,"#Read - ""Living on Bitcoin Day 7: A Supposedly Fun Thing I’d Definitely Do Again"" https://t.co/UuHIo6lldW #Bitcoin #BTC #New #Update",0,0,0,0,0
2019-01-28 23:41:39+00:00,Lang. They have stood outside this house through the water upon the shores of Japan. #twitterbot #crypto #cryptocurrency #bitcoin #ethereum,0,0,0,0,1
2019-01-28 23:41:34+00:00,@piratebeachbum @kurtwuckertjr @amritabithi @MSkieller @justicemate @DeaterBob @EmrahBSV @ProfFaustus @handcashapp @money_button @BsvDevs @_unwriter @thecashport @CalvinAyre @apagut @that_bch_guy @CryptoPixelDude @shadders333 @OnWindowly @Bitcoin_Beyond @ButtCoin @profaustus Got some popcorn son it’s about to be fun,0,0,0,0,-1
2019-01-28 23:41:24+00:00,Living on Bitcoin Day 7: A Supposedly Fun Thing I’d Definitely Do Again https://t.co/Qm8rYgvhYY #Ethereum,0,0,0,0,0
2019-01-28 23:41:23+00:00,"Current luck: 0%, 1 ฿:  $3437.46, ฿ value over 1 week:  $-144.47 (-4.03%) https://t.co/N0BZQbcl79 #bitcoin",0,0,0,0,0
2019-01-28 23:41:16+00:00,I liked a @YouTube video https://t.co/IVjzp9XmD9 We Have Bottomed!! (According to Bitcoin Technical Analysis...),0,0,0,0,-1
2019-01-28 23:41:10+00:00,"Bitcoin is a trust and common law partnership

Miners are PAID to act as stewards. To maintain the system and validate the rules.

For this, they earn FEES.",2,1,0,0,0
2019-01-28 23:41:03+00:00,#Bitcoin Falls To Lowest Since Mid-December - Forbes https://t.co/JmT5kQ4ov5 via @googlenews #btc https://t.co/y8r4ZjW8J6,0,0,1,0,0
2019-01-28 23:41:00+00:00,Bitcoin cryptocurrency ATM kiosk growth - Crain's Chicago Business https://t.co/FtZRvRr0Hk,0,0,0,0,1
2019-01-28 23:41:00+00:00,"@CryptoN_T @piratebeachbum @DeaterBob @MSkieller @kurtwuckertjr @justicemate @EmrahBSV @ProfFaustus @handcashapp @money_button @BsvDevs @_unwriter @amritabithi @thecashport @CalvinAyre @apagut @that_bch_guy @CryptoPixelDude @shadders333 @OnWindowly @Bitcoin_Beyond @ButtCoin @profaustus Yes, *serverless.* Can get all semantic, I guess, and argue over what bitcoin nodes constitute, but there it is... a website on the blockchain: https://t.co/pL3QF08Bx2",1,0,0,0,0
2019-01-28 23:40:59+00:00,Just #FollowMe and i will #FollowBack Soon and also add me on facebook https://t.co/KFc3Zh7GcM  thank you. #Bitcoin #ICO #Bou,0,1,0,0,1
2019-01-28 23:40:58+00:00,"Bitcoin price 3477.5014481, DOWN -3.06 percent in 24hrs.  Check your BTC paperwallets quickly and securely at https://t.co/jKEssayPEQ",0,0,0,0,1
2019-01-28 23:40:34+00:00,"@Carsten71071425 @DeaterBob @jratcliff This has nothing to do with what is Bitcoin, it's not happening.",1,0,0,0,-1
2019-01-28 23:40:33+00:00,"Ripple makes 2 massive transfers today, one to Bitstamp, one to mystery... #blockchain #bitcoin #altcoin https://t.co/y8kHrsPdfG https://t.co/Ez6zNDx3Vu",0,0,0,0,-1
2019-01-28 23:40:28+00:00,Troubled Crypto Exchange QuadrigaCX Goes Offline for ‘Maintenance’ https://t.co/Xbf0mAi2Zp #blockchain #bitcoin #btc,0,0,1,0,0
2019-01-28 23:40:25+00:00,"S Korean Crypto Exchanges Team up to Fight Money Laundering, Illegal Trading Activities -
https://t.co/x9Ag8cMs29
#Bitcoin #Cryptocurrency #Blockchain https://t.co/MM97fzTtui",0,0,0,0,1
2019-01-28 23:40:23+00:00,"I just want to say thank you to everyone using wasabi for their coinjoin needs, the joining has got a lot faster in recent weeks! via /r/Bitcoin https://t.co/Ht5AQM0cZF",0,0,0,0,0
2019-01-28 23:40:23+00:00,"If trading bitcoin is taxable, then why isn't trading Warcraft gold taxable? It has a USD valuation as well. via /r/Bitcoin https://t.co/4qV0NdEQQY",0,0,0,0,1
2019-01-28 23:40:23+00:00,Bitcoin Price Analysis: Major Support Broken on Expanding Volume and Spread https://t.co/122iwTrOjS,0,0,0,0,0
2019-01-28 23:40:22+00:00,Living on Bitcoin Day 7: A Supposedly Fun Thing I’d Definitely Do Again https://t.co/PMYZV7vv2i,0,0,0,0,1
2019-01-28 23:40:12+00:00,@LawrenceKS_PD The people who have got bitcoin are pretty clued up anyway. Can’t see them falling for a local bobby ringing up and asking for their cut in bitcoin.  Ffs,0,0,2,0,0
2019-01-28 23:40:11+00:00,"Bitcoiners Increasingly Dumping #Bitcoin for #Gold Investments in 2019 BY: Ogwu Osaemezu Emmanuel

https://t.co/35GoyTsqST

#BitcoinRally #Hodlers #Survey #Trading #VanEckAssociates https://t.co/7ZGfale5JB",0,2,1,0,0
2019-01-28 23:40:10+00:00,"Even Bitcoin is NOT decentralized.

It has an issuer. One man. One who has not been confirmed in law to have breached US law as an issuer as no evidence was shown beyond all legal doubt.",1,0,0,0,1
2019-01-28 23:40:08+00:00,Bitcoin Price Analysis: Major Support Broken on Expanding Volume and Spread https://t.co/ylYclSH9kN,0,0,0,0,-1
2019-01-28 23:40:07+00:00,Living on Bitcoin Day 7: A Supposedly Fun Thing I’d Definitely Do Again https://t.co/9sP6Mtpujj,0,0,0,0,1
2019-01-28 23:39:58+00:00,@ThomasWFink You're ignorant if you think it's a matter of choosing arbitrary sides. It's not one side or the other arbitrarily--it's what will last and what won't. Only if you don't understand the reasons gold has lasted but fiat money has not will you think Bitcoin can survive sustainably.,2,0,0,0,-1
2019-01-28 23:39:45+00:00,"@mashable ""19 year old who made his fortune off Bitcoin"" That says a lot right there 😆",0,0,4,0,0
2019-01-28 23:39:43+00:00,Troubled Crypto Exchange QuadrigaCX Goes Offline for ‘Maintenance’ https://t.co/2hBvEvunO4 #btc #bitcoin https://t.co/gRrp4OPDjk,0,0,0,0,0
2019-01-28 23:39:41+00:00,BestChange - Claim free Bitcoin and get e-currency exchange rates! https://t.co/vBimpl9lZ1 #bitcoin,0,0,0,0,1
2019-01-28 23:39:38+00:00,"Current work in progress trying to rationalise and communicate the different layers of the #Bitcoin Architecture, to better understand this space!

https://t.co/mUoEsky5Lg",0,0,3,1,1
2019-01-28 23:39:36+00:00,"New Airdrop 👌

Name : KRONN
URL : https://t.co/6REEXTXf0P
Token : 10 KREX | 1.2$

Note : 
👍👍👍👍🔹

Description : 
You can use ""59NFD"" for referral question.

#airdrop #bounty #token #crypto #currency #cryptocurrency #bitcoin #ethereum",0,0,1,0,0
2019-01-28 23:39:32+00:00,"Turn your phone into a hardware-like, secure blockchain wallet - https://t.co/8WgXrcUSIJ #enjinwallet #ethereum #bitcoin #litecoin #cryptocurrency #cryptowallet https://t.co/1VwwW7IFN4",0,0,0,0,-1
2019-01-28 23:39:19+00:00,Bitcoin Price Analysis: Major Support Broken on Expanding Volume and Spread #bitcoin https://t.co/HCWnXX7JWf,0,0,0,0,1
2019-01-28 23:39:18+00:00,Living on Bitcoin Day 7: A Supposedly Fun Thing I’d Definitely Do Again #bitcoin https://t.co/9Kyn9yfDVp,0,0,1,0,-1
2019-01-28 23:39:16+00:00,Bitcoiners Increasingly Dumping Bitcoin for Gold Investments in 2019 - https://t.co/sXwTuFjBRI $BTC #bitcoin #blockchain #alts,0,0,0,0,-1
2019-01-28 23:39:12+00:00,"Setting up a lightning node to buy stickers may sound silly, but it’s about self sovereignty.  After a year of failing and being patient, “I GOT LIGHTNING WORKING BUT ALL I GOT WAS THIS STICKER” 🤙🏼

#bitcoin #lightningnetwork #reckless @Blockstream @lightning @CasaHODL https://t.co/rhlhjiGbdU",0,0,5,0,-1
2019-01-28 23:39:05+00:00,"Crypto This Week: Bitcoin ETF Withdrawn, CEO of Ripple Compares XRP &amp; Bitcoin And More - https://t.co/49hLA22slv #cryptocurrency #crypto #coinmarketrecap #technews",0,0,0,0,0
2019-01-28 23:39:02+00:00,"@brian_trollz @DeaterBob @jratcliff Dude, please accept some counter arguments.

I am impressed how easy it is to create a heated discussion, just by mentioning my idea, that block size itself doesn't matter re: what constitutes Bitcoin. Imho Segwit showed that, as it increases the block size.

And I enjoy a good",1,0,2,0,-1
2019-01-28 23:39:01+00:00,@PtimeXr @haydentiff @skwp @XRPInformation @RossMacFirdeen @HammerToe @xeni @geoffgolberg @Yelp @arrington Do you understand what is Bitcoin and how it works? What does a coin issued by Ripple Labs offers you?,1,0,0,0,-1
2019-01-28 23:39:00+00:00,Bitcoin Price Struggles As Crypto Market Cap Nears $100 Billion Support - Bitcoinist https://t.co/mcv2cJ8zVC,0,0,0,0,0
2019-01-28 23:38:55+00:00,Over 10 years and #bitcoin is still king of the jungle. https://t.co/zBXtBtl60j,3,5,9,0,1
2019-01-28 23:38:53+00:00,Bitcoin stumbles to a 6-week low https://t.co/HaoMSYpRtj https://t.co/w7qZcMkeUV,0,0,0,0,-1
2019-01-28 23:38:51+00:00,Bitcoin Price Analysis: Major Support Broken on Expanding Volume and Spread https://t.co/Bc5eYaB7Qn,0,0,0,0,1
2019-01-28 23:38:51+00:00,Living on Bitcoin Day 7: A Supposedly Fun Thing I’d Definitely Do Again https://t.co/s9WG5Sv0oc,0,0,0,0,0
2019-01-28 23:38:50+00:00,"Something to look forward to. Definitely making progress there😌
#crypto #cryptocurrency #cryptocurrencies #CryptoNews #Blockchain #blockchaintechnology #cryptotwitter #NASDAQ #adoption #progress #bitcoin #BTC #ETHEREUM #ETH #coins #digitalCurrency #invest
https://t.co/N7hCSvTtzT",0,0,1,0,0
2019-01-28 23:38:41+00:00,@gaborgurbacs ...after Bitcoin. 😂😂😂,0,0,0,0,1
2019-01-28 23:38:41+00:00,@kurtwuckertjr @piratebeachbum @amritabithi @MSkieller @justicemate @DeaterBob @EmrahBSV @ProfFaustus @handcashapp @money_button @BsvDevs @_unwriter @thecashport @CalvinAyre @apagut @that_bch_guy @CryptoPixelDude @shadders333 @OnWindowly @Bitcoin_Beyond @ButtCoin @profaustus I don’t understand the pirates angle here. Trying to bash someone by literally telling them “go make your product better than mine” seems a little backwards.,0,0,0,0,0
2019-01-28 23:38:39+00:00,"Assure you that called me just now! Was it you, Mr. Hare? #twitterbot #crypto #cryptocurrency #bitcoin #ethereum",0,0,1,0,1
2019-01-28 23:38:37+00:00,Bitcoin [BTC] and other cryptocurrencies can now be credited t... #btc #fintech #ico cryptocurrency news https://t.co/xFcbUGrVRT https://t.co/YI7UuT9meA,0,0,1,0,0
2019-01-28 23:38:37+00:00,"Living on Bitcoin Day 7: A Supposedly Fun Thing I’d Definitely Do Again - https://t.co/JA0rN4KQc0
 #bitcoin #btc #bitcoinnews #cryptocurrency #blockchain #cryptocurrencynews https://t.co/zM0KyBLDfR",0,0,1,0,1
2019-01-28 23:38:36+00:00,Bitcoin Price Analysis: Major Support Broken on Expanding Volume and Spread https://t.co/Cddvg5S8cE,0,0,0,0,-1
2019-01-28 23:38:35+00:00,Living on Bitcoin Day 7: A Supposedly Fun Thing I’d Definitely Do Again https://t.co/1SMfRC0wp1,0,0,0,0,0
2019-01-28 23:38:29+00:00,Bank’s Refusal to Release $1.2B of Venezuelan Gold Strengthens the Case for Bitcoin https://t.co/M3Zi5OAeAi via @BTCTN,0,0,1,0,-1
2019-01-28 23:38:27+00:00,"From the Bitcoin subreddit: If trading bitcoin is taxable, then why isn't trading Warcraft gold taxable? It has a USD valuation as well. https://t.co/AZIkSbsjWz",0,0,1,0,0
2019-01-28 23:38:27+00:00,"Top reads this week include op-ed from @CFTCStump, @CrainsChicago piece on @CMEGroup leader Duffy and @cboe pulling bitcoin ETF filing from @SEC_News. Plus activities at our members @DRWTrading and @OptiverUS. https://t.co/yEGw5Yxat4 via @elink_io",0,0,2,0,0
2019-01-28 23:38:20+00:00,"Bitcoin Price Analysis: Major Support Broken on Expanding Volume and Spread - https://t.co/Ok6Yrap2B4
 #bitcoin #btc #bitcoinnews #cryptocurrency #blockchain #cryptocurrencynews https://t.co/JLEfYnvVEc",0,0,1,0,-1
2019-01-28 23:38:16+00:00,"#CriptoMonedaseICO Ethereum [ETH] Constantinople delay post-mortem: Vulnerability could have been discovered earlier - https://t.co/wU5bUwsaBs
 -  
By @criptomonedaseico - 
#trader #trading #altcoin #decentralize #hashrate #bitcoins #bitcoin #cryptocurrency",0,0,0,0,-1
2019-01-28 23:38:13+00:00,@RichardHeartWin @alistairmilne than bitcoin 😁,0,0,1,0,-1
2019-01-28 23:38:09+00:00,"@AndrewYangVFA I've been following you for a while now and finally got a chance to go through some of your policies. Love the idea of UBI, but I'd like you to expand on ""financial transaction tax"" does that mean #bitcoin and crypto transactions would all be taxed at 0.1%? Thanks",0,0,2,0,-1
2019-01-28 23:37:37+00:00,@Bitcoin_Win @ChrisMurphyCT Private vs. government run.,2,0,0,0,1
2019-01-28 23:37:25+00:00,"""Bitcoin Price Analysis: Major Support Broken on Expanding Volume and Spread"" https://t.co/EgffoHEslg #crypto #forex",0,0,0,0,-1
2019-01-28 23:37:24+00:00,"""Living on Bitcoin Day 7: A Supposedly Fun Thing I’d Definitely Do Again"" https://t.co/ixQEn9iada #crypto #forex",0,0,1,0,1
2019-01-28 23:37:24+00:00,Troubled Crypto Exchange QuadrigaCX Goes Offline for ‘Maintenance’ https://t.co/K745PhIGEH #bitcoin #blockchain #fintech,0,1,1,0,1
2019-01-28 23:37:23+00:00,#forex #forextrading #forexlifestyle #forexforlife #forexsignals #bitcoin #bitcoinmining #bitcoinprofits #trading #tradinglife #protrader #protrading #bitcoin #bitcoinlifestyle #bitcoinprofits #bitcoinsignals See this Instagram photo by @cashflow.paradise https://t.co/OCWpzKSM4L,0,0,0,0,1
2019-01-28 23:37:17+00:00,"Bitcoin Is Worth Less Than the Cost to Mine It, JPMorgan Says https://t.co/0bg3w21JgW",0,0,0,0,0
2019-01-28 23:37:16+00:00,@APompliano It's happening.....From our Ottawa based friends @Bitaccess You Can Now Buy 70+ Altcoins with Cash on Bitaccess Bitcoin ATMs https://t.co/zpF49eDr80,0,1,4,0,0
2019-01-28 23:37:15+00:00,Bitcoin Price Analysis: Major Support Broken on Expanding Volume and Spread https://t.co/We5IVi52B3 via #Bitcoin #Magazine,0,0,0,0,0
2019-01-28 23:37:15+00:00,Living on Bitcoin Day 7: A Supposedly Fun Thing I’d Definitely Do Again https://t.co/1om3uazstF via #Bitcoin #Magazine,0,0,0,0,-1
2019-01-28 23:37:08+00:00,"I think the market can recover back to over 3000 USD even if we drop to the 2.5-2.7 zone. 
#bitcoin #crypto #trading 

If we go to 2k it may take a really long while though.

It's becasue the whales want to make money and the distribution of wallet power

https://t.co/ksl36gvq3R",0,0,0,0,-1
2019-01-28 23:37:07+00:00,Bitcoin Price Analysis: Major Support Broken on Expanding Volume and Spread https://t.co/wb6kokgZkL https://t.co/sN9gsY0fYB,0,1,1,0,-1
2019-01-28 23:37:06+00:00,Bitcoin Price Analysis: Major Support Broken on Expanding Volume and Spread https://t.co/uiEvpEJVCq https://t.co/Nq02MJUlKp,0,1,0,0,0
2019-01-28 23:37:06+00:00,Bitcoin Magazine: Bitcoin Price Analysis: Major Support Broken on Expanding Volume and Spread https://t.co/VIncMMuNKZ ⟶ via https://t.co/z0PZ8sZFNG https://t.co/whne0M5wu1,0,0,0,0,0
2019-01-28 23:37:06+00:00,Living on Bitcoin Day 7: A Supposedly Fun Thing I’d Definitely Do Again https://t.co/LfgxJZteTt https://t.co/qFDSNwJKLp,0,1,0,0,0
2019-01-28 23:37:05+00:00,Living on Bitcoin Day 7: A Supposedly Fun Thing I’d Definitely Do Again https://t.co/nwwCKrnQy9 https://t.co/5rHSk5eZi1,0,1,0,0,0
2019-01-28 23:36:57+00:00,"@TheCryptoDog Unless btc developers tackles every potential use case and develop within those niches, there will allways be a need for alts. Despite Bitcoin can do whatever every alt can do, it doesen’t mean that btc devs will develope projects within certain niches.",0,0,0,0,0
2019-01-28 23:36:45+00:00,"Dash Community Troubles: People Accuse Project’s Merchant Team In Venezuela of Embezzlement
Read more: https://t.co/rZ8Bp7t6zt
#cryptocurrency #cryptonews #crypto #algory #BTC #DASH #Bitcoin #Dash",0,0,0,0,1
2019-01-28 23:36:37+00:00,Bitcoin Falls To Lowest Since Mid-December – Forbes https://t.co/8qW5teipFM https://t.co/52Sy7thHKO,0,0,2,0,1
2019-01-28 23:36:35+00:00,@The_Policymaker Only in the twisted BTC world is Austrian economics directly tied to Bitcoin. The Austrian followers who HODL are the ones who don't understand the economics well but think they do.,1,0,1,0,-1
2019-01-28 23:36:30+00:00,How much will 1 Bitcoin be worth by the end of 2019? by Leon Schmidt https://t.co/2B5lkLbLCF,0,0,0,0,0
2019-01-28 23:36:25+00:00,"@realAlexFortin @PtimeXr @skwp @XRPInformation @RossMacFirdeen @HammerToe @xeni @geoffgolberg @Yelp @arrington For the same reasons I used to promote Bitcoin. It’s something that I’m excited about and want to share and tell others, ESPECIALLY when I see so many incorrect things being said and written about $XRP. https://t.co/W1JAssG51g",0,2,14,0,0
2019-01-28 23:36:25+00:00,"BTC,ETH,ETC,LTC,BCH,MONA
Please send someone virtual currency　
#Bitcoin #VirtualCurrency",0,0,0,0,-1
2019-01-28 23:36:22+00:00,"@Bitcoin_Win @ChrisMurphyCT Economics holds no water, huh?",1,0,0,0,0
2019-01-28 23:36:22+00:00,Dollar Will Be Replaced By Gold And Bitcoin By 2040 – Robert Kiyosaki (Part 2) https://t.co/XBdMewUg5O,0,0,0,0,1
2019-01-28 23:36:14+00:00,Troubled Crypto Exchange QuadrigaCX Goes Offline for ‘Maintenance’ #bitcoin https://t.co/OHOyjBOYBg,0,0,0,0,1
2019-01-28 23:35:45+00:00,Bitcoin Black v Bitcoin. Get FREE coins ($36 value)! https://t.co/6LfSNz495F,0,0,0,0,0
2019-01-28 23:35:38+00:00,"Mother's memory, saw that he had succeeded in his throat. #twitterbot #crypto #cryptocurrency #bitcoin #ethereum",0,0,1,0,0
2019-01-28 23:35:38+00:00,Top 3 Bitcoin Cloud Mining Site 100% Real  Earn Free BTC [Hindi] https://t.co/eqXzsl9Lz1 via @YouTube,0,0,1,0,-1
2019-01-28 23:35:33+00:00,Razy Trojan Installs Malicious Browser Extensions to Ste... #cryptocurrency #bitcoin #ico Cryptocurrency https://t.co/qNOmTus1Sc https://t.co/ZvBTLtkmtu,0,0,2,0,-1
2019-01-28 23:35:14+00:00,Bitcoin Price Analysis: Major Support Broken on Expanding Volume and Spread - read more : https://t.co/1O4CFnTTyY #cryptocurrency #crypto #blockchain #bitocoin #btc #cryptocurrencynews #cryptoexchange #cryptotrading,0,0,0,0,-1
2019-01-28 23:35:13+00:00,Living on Bitcoin Day 7: A Supposedly Fun Thing I’d Definitely Do Again - read more : https://t.co/ckRZsHYrvP #cryptocurrency #crypto #blockchain #bitocoin #btc #cryptocurrencynews #cryptoexchange #cryptotrading,0,0,0,0,-1
2019-01-28 23:35:12+00:00,@Twitter buy more bitcoin,0,0,0,0,0
2019-01-28 23:35:11+00:00,@Coinlend2017 You are paying 17% on bitcoin gold?,0,0,0,0,0
2019-01-28 23:35:11+00:00,"@piratebeachbum @amritabithi @MSkieller @justicemate @DeaterBob @EmrahBSV @ProfFaustus @handcashapp @money_button @BsvDevs @_unwriter @thecashport @CalvinAyre @apagut @that_bch_guy @CryptoPixelDude @shadders333 @OnWindowly @Bitcoin_Beyond @ButtCoin @profaustus Yes, comparisons to people with vague mental illness directed at people who simply disagree with you is a really good way to trigger dopamine.",0,0,1,0,-1
2019-01-28 23:35:03+00:00,Can #Bitcoin be used in #SecondLife ? Some thoughts! #blogpost for story: https://t.co/zGW4WVwkpO https://t.co/VdJtZ8UXcg a,0,0,0,0,1
2019-01-28 23:34:56+00:00,Bitcoin Price Analysis: Major Support Broken on Expanding Volume and Spread by Nobuyoshi : aggregated via https://t.co/8PcJxmCpeu #bitcoin $BTC #crypto,0,0,0,0,0
2019-01-28 23:34:44+00:00,Living on Bitcoin Day 7: A Supposedly Fun Thing I’d Definitely Do Again by Nobuyoshi : aggregated via https://t.co/8PcJxmCpeu #bitcoin $BTC #crypto,0,0,0,0,1
2019-01-28 23:34:24+00:00,"@MisterBitty_ Lol. The exact question was “Do you believe bitcoin will ever get back to $25,000?”  And my answer, “yes, eventually”",10,6,84,0,0
2019-01-28 23:34:19+00:00,@BotFaketoshi So Satoshi made Bitcoin open source with freedom and transparency to grow but is also a Patent troll. Riggghhhhttt.,0,0,1,0,-1
2019-01-28 23:34:17+00:00,trading bitcoin,0,0,0,0,-1
2019-01-28 23:34:11+00:00,https://t.co/3HSIMFIpRK: 'Loud Music' Murder Trial: Michael Dunn Testifies https://t.co/l7RfryODHp (Learn2️⃣Earn➡️#Bitcoin💰) https://t.co/QIP1mo2DDT,0,0,1,0,1
2019-01-28 23:34:10+00:00,https://t.co/3HSIMFIpRK: Gorilla Saga Brings Mom To Tears Reliving Memories Of Son Being Attacked In 2004 https://t.co/cnGZLHD9f4 (Learn2️⃣Earn➡️#Bitcoin💰) https://t.co/wG5UmFbal8,0,0,0,0,-1
2019-01-28 23:34:09+00:00,https://t.co/3HSIMFIpRK: Witness: Gorilla pulled the child's pants up https://t.co/KhvOvBVmaV (Learn2️⃣Earn➡️#Bitcoin💰) https://t.co/M4svnhImpo,0,0,0,0,0
2019-01-28 23:34:07+00:00,https://t.co/3HSIMFIpRK: Cincinnati Zoo Welcomes New Gorilla A Year After Harambe Was Killed https://t.co/577yqafwk0 (Learn2️⃣Earn➡️#Bitcoin💰) https://t.co/6OzuLXPDKr,0,0,0,0,-1
2019-01-28 23:34:05+00:00,"If you had bought 10000 #EURO of #BITCOIN the 11-09-2013
Today, 1965.99 days later, You would have 310257.73 EURO and the same amount of #BTC
#cryptocurrency #blockchain #cryptolife",0,0,0,0,-1
2019-01-28 23:34:03+00:00,"@jcho710 Harvard doesn't like Austrian school I guess, we have a real bitcoin price minimalist here",1,0,0,0,1
2019-01-28 23:34:00+00:00,"Bitcoin Skeptic, Ex-Starbucks CEO Howard Schultz Considers 2020 Presidential Run - Cointelegraph https://t.co/Vc79aTbLEz",0,0,0,0,0
2019-01-28 23:33:49+00:00,Turns out Venezuela’s Oil-Backed Petro Cryptocurrency is Real after All #bitcoin #eth #altcoin real https://t.co/MXRs3YWZXj,0,0,0,0,0
2019-01-28 23:33:45+00:00,Free to sign up and #FreeMoney learn about the stocks and learn to put money up $$$ and watch it grow it's like #Bitcoin #Crypto #MetelPay https://t.co/Lkn1V5fEYk,0,0,0,0,0
2019-01-28 23:33:44+00:00,"HackIT 4.0 – Security in the Crypto World: Exchanges, Wallets, and Personal Data - UrbanCrypto via BTCnews #Bitcoin https://t.co/DQ820u9W5B",0,0,0,0,1
2019-01-28 23:33:44+00:00,"If trading bitcoin is taxable, then why isn't trading Warcraft gold taxable? It has a USD valuation as well. https://t.co/yJc9cJFNmC",0,0,0,0,-1
2019-01-28 23:33:39+00:00,Turns out Venezuela's Oil-Backed Petro Cryptocurrency is Real after All - https://t.co/P5m5GJfrJn #bitcoin #cryptocurrency https://t.co/tqmXeO882O,0,0,0,0,0
2019-01-28 23:33:33+00:00,Bitcoin stumbles to a 6-week low https://t.co/i3GlzzDhIq,0,0,0,0,0
2019-01-28 23:33:33+00:00,"Ok, #cryptotwitter 

First goal on my road to become a #crypto trader:
$XLM
Got in at 4999 after breaking trendline.
landed sellorder at 5030 first resistance!
lets see if i can get more this week, stay tuned!

#Bitcoin #cryptotrading #cryptotrader #cryptotrade #cryptocurrency https://t.co/wnknV351vG",0,1,2,0,-1
2019-01-28 23:33:31+00:00,TRON and Binance Optimistic on BitTorrent But Analyst Says it Could be Overplayed - NewsBTC via BTCnews #Bitcoin https://t.co/v3DOVPy8Nq,0,0,0,0,-1
2019-01-28 23:33:13+00:00,"#XMR “Monero is a secure, private, untraceable currency.” Some people may think that this definition could be applied to Bitcoin but that is literally not the c...Read more: https://t.co/bKwcv3Z7QG",0,0,0,0,-1
2019-01-28 23:33:13+00:00,"#ETH #LTC #BTC #CLD #FSN This is the seventh instalment of reporter Colin Harper's ""Living on Bitcoin"" experience in San Francisco. Find out what happened to him earlier on Day 1 ,...Read more: https://t.co/yih4iOu0gx",0,0,0,0,1
2019-01-28 23:33:13+00:00,#BTC Bitcoin stops working as it gets bigger. This is the problem that Unit-e hopes to tackle. One of the biggest ways that it hopes to do that is through what ...Read more: https://t.co/U21aFhZsrt,0,0,0,0,-1
2019-01-28 23:33:13+00:00,"#BTC Following the ongoing slump in the price of bitcoin and other blockchain based virtual currencies, experts in the finance sector including the CEO of Van E...Read more: https://t.co/JZVEOnMEGR",0,0,0,0,1
2019-01-28 23:33:13+00:00,"#BTC #BCH The leading academics behind the new crypto effort Unit-e promise that they are not only creating a digital currency which will be the ‘ Bitcoin Killer ,’ ...Read more: https://t.co/Br2un89ZkQ",0,0,0,0,1
2019-01-28 23:33:13+00:00,"#XRP #LTC #BTC Ripple (XRP) has been known to outperform the market in good times but in the past when Bitcoin (BTC) would fall, XRP/USD would fall a lot more. However, t...Read more: https://t.co/XxAtdtgTxl",0,0,0,0,-1
2019-01-28 23:33:00+00:00,"@BullBitcoin_ The size of the cojones on that animal make me more bullish about bitcoin than ever.

Now that's a true Bitcoin Bull.  Alpha Status.",1,0,0,0,0
2019-01-28 23:32:59+00:00,"@GerardCarter11 If stable coins end up doing well, each country would have their own stable coin. Just like they have their own fiat.banks would only charge fees. Only difference, I wouldn’t have to use them bc if it got to that, everybody would be accepting bitcoin.  Exchange fees would be low",2,1,1,0,0
2019-01-28 23:32:56+00:00,"Announcing Singtel to Exhibit June 24-26 at CloudEXPO Silicon Valley 

#Cloud #CIO #IoT #IIoT #CloudNative #Serverless #DataCenter #DevOps #FinTech #Blockchain #Bitcoin #SmartCities #Kubernetes #MachineLearning #ArtificialIntelligence #DeepLearning #DigitalTransformation https://t.co/ZxvQ5Z4R9I",0,6,15,0,0
2019-01-28 23:32:55+00:00,&lt;h1&gt;Kik Prepares To Defend Its ICO Against SEC Allegations&lt;/h1&gt; - ETHNews via BTCnews #Bitcoin https://t.co/4SaaDF8VGH,0,0,0,0,-1
2019-01-28 23:32:53+00:00,"Thanks to @mosesma for including SFOX in his analysis of the #psychology of #crypto investing for @PsychToday! Check out the full article here ➡️ https://t.co/vfeph9XtDT

#cryptotrading #bitcoin #blockchaintechnology https://t.co/Dc78KAqa8S",1,0,4,0,-1
2019-01-28 23:32:51+00:00,#Altcoins Plunge as #Bitcoin and #Crypto #Markets Drop Below Recently Established Support Levels https://t.co/p3VKlulsEA,0,0,0,0,0
2019-01-28 23:32:38+00:00,Step brother the Emperor Kotei. #twitterbot #crypto #cryptocurrency #bitcoin #ethereum,0,0,2,0,0
2019-01-28 23:32:35+00:00,No cash to tip your barista? No problem! Send #crypto quickly and easily to any @telegram user https://t.co/pdjMzrG7kD #bitcoin #blockchain #waves,0,1,7,0,1
2019-01-28 23:32:25+00:00,"#computerart : #bitcoin #blockchain 's
CONFIRMED Block, Height : 560544
[ See more on https://t.co/p7nE81m7aK ] https://t.co/AvaKVaZdBC",0,0,0,0,1
2019-01-28 23:32:21+00:00,"1/2
Biggest Gainers \ Top 5
  #  Name            Symbol    Price      %1h
        
  1  United Bitcoin  UBTC      $1.97      14.19%
  2  CENTERCOIN      CENT      $0.024402  13.28%
  3  Italian Lira    ITL       $0.000026  12.71%",0,0,0,0,-1
2019-01-28 23:32:11+00:00,@Bitcoin_Win @ChrisMurphyCT See price controls,1,0,0,0,1
2019-01-28 23:32:10+00:00,"Bitmex Short XBTUSD - Short now, Short x2 if pumps #bitcoin #crypto #bitmex #signal #Short #DYOR #BYOR January 29, 2019 at 01:30AM 10% on fees: https://t.co/JIwE0wXODh join for even more updates and news: &lt;&lt;https://t.co/bnwNGY1B9S&gt;&gt;",0,0,0,0,-1
2019-01-28 23:32:08+00:00,@misir_mahmudov Would love to have a good medium post with bitcoin's projected supply (known) and demand (guess) cases for future speculation,0,0,0,0,0
2019-01-28 23:32:00+00:00,Bitcoin Price Analysis: Major Support Broken on Expanding Volume and Spread https://t.co/HWuzgDL7F3,0,0,0,0,1
2019-01-28 23:31:51+00:00,"How many people you know own any #Cryptocurrency?

#bitcoin #globalization #crypto #Ethereum #Tech 
#informationsecurity",0,0,1,0,1
2019-01-28 23:31:48+00:00,"I'm earning bitcoin by answering paid emails and completing microtasks! Join me there and sign up today. https://t.co/YYqbP29RCB  - use the link - the newbie bonus is def worth it!
Jerks",0,0,0,0,0
2019-01-28 23:31:48+00:00,@Twitter BUY BITCOIN.,0,0,1,0,1
2019-01-28 23:31:47+00:00,"🎰Crypto Games - #Gamble Online With #CryptoCurrency🎰

🔹Progressive #Jackpot
🔸Low House Edge
🔹The Best #Bitcoin &amp; #Altcoin #Casino
🔸Free Coins Every 3 Minutes
🔹Wagering Contest With Huge #Rewards

💵Retweet &amp; Catch The #Winning Spirit Here↘️
https://t.co/gPn6R5ECsa https://t.co/WiKI7GmktK",0,0,0,0,1
2019-01-28 23:31:45+00:00,"⬇ -5 Why a Sub-$3,000 Drop Will Mean Bitcoin Has Entered ‘Nuclear Winter’ https://t.co/rElhtkgZVA $BTC",0,0,0,0,0
2019-01-28 23:31:43+00:00,"Blockstream Satellite allows for transfer of data files using the Bitcoin Blockchain
https://t.co/Dwm0NkRJ8j
#BlockChain",0,0,0,0,-1
2019-01-28 23:31:32+00:00,@Bitcoin_Win @ChrisMurphyCT See price floor,0,0,0,0,1
2019-01-28 23:31:30+00:00,"In the evening most tokens and coins turned up a little but nevertheless they ended the day deep in red.😞 2100NEWS DA Indexes ended down between 4.03% and 7.14%. Bitcoin ended down 3.46%, Ether ended down 7.03%  $BTC #Crypto #CryptoNews",0,0,0,0,1
2019-01-28 23:31:11+00:00,BTC Big picture 2019 onward https://t.co/EHXB5p7c9J #bitcoin,0,0,0,0,-1
2019-01-28 23:31:10+00:00,Widening Global Wealth Inequality Gap Can Be Narrowed By Universal Basic Income - Coinjournal via BTCnews #Bitcoin https://t.co/LsXO8h98uX,0,0,1,0,0
2019-01-28 23:31:10+00:00,"S Korean Crypto Exchanges Team up to Fight Money Laundering, Illegal Trading Activities - Coinjournal via BTCnews #Bitcoin https://t.co/d14tPZibZV",0,0,1,0,1
2019-01-28 23:31:05+00:00,https://t.co/3kBzv25hMT Enables Cash-for-Bitcoin Exchange Via the Lightning Network https://t.co/Iy5kHZVEUo,0,0,0,0,0
2019-01-28 23:31:04+00:00,"GDPR Can’t Stop Behavioral Ads, But These Bitcoin-Friendly Browsers Can Help https://t.co/XSAZM4Tpj3",0,0,0,0,0
2019-01-28 23:30:59+00:00,"Demand is Growing For Blockchain-Related Jobs, Salaries Continue to Rise - CryptoNews via BTCnews #Bitcoin https://t.co/KMMP0jrNo1",0,0,1,0,0
2019-01-28 23:30:58+00:00,Bitcoiners Increasingly Dumping Bitcoin for Gold Investments in 2019 https://t.co/UTjbggSUpk #Bitcoin #BitcoinRally #business #Gold #hodlers #News #survey #Trading #VanEckAssociates,0,0,0,0,1
2019-01-28 23:30:57+00:00,"Interesting project in terms of technology. Very well thought out and promising! Please read the project documentation. After that, you will join the project, as I did.
#LivenCoin #LVN #ICO #LivenPay #LVNICO #TokenSale #Bitcoin #BTC #Blockchain #Ethereum #ETH #Token",0,0,0,0,0
2019-01-28 23:30:56+00:00,"Ethereum(ETH), why I’m bullish and why it could reach $2500+ in bull run https://t.co/Yopd3mHzwg #bitcoin",0,0,0,0,1
2019-01-28 23:30:54+00:00,"Localbitcoins attackers steal $28,000 worth of cryptocurrencies - Coingeek via BTCnews #Bitcoin https://t.co/NER7AnCVGO",0,0,0,0,1
2019-01-28 23:30:52+00:00,Iran May Unveil State-Backed Cryptocurrency This Week https://t.co/YCQGnZbAif #bitcoin,0,0,1,0,0
2019-01-28 23:30:43+00:00,@Bitcoin_Win @ChrisMurphyCT See laffer curve.,1,0,0,0,0
2019-01-28 23:30:42+00:00,"winning has never been easier! Hurry uo! Sign up, and start earning!! https://t.co/9PK1bIi1Ht  #trade #bitfinex #bitcoin #binance #btc #eth #win #crypto #cryptocurrencies #cryptotrading #CryptoNews #ethereum #bitstamp #poloniex #trading #TradingView",0,0,1,0,0
2019-01-28 23:30:40+00:00,Want a bitcoin tax refund? You might need an accountant https://t.co/JyynHHSz9O,0,0,0,0,0
2019-01-28 23:30:37+00:00,"Bitcoin-Hating Ex Starbucks CEO Howard Schultz Mulls US Presidency, Backs Blockchain https://t.co/DZUjg2n1NE",0,0,0,0,-1
2019-01-28 23:30:37+00:00,Blockchain is reinventing business models. Is yours firmly ahead of the curve? Keep reshaping the business landscape and enter the Blockchain Platform category! https://t.co/1JrFONziQV #blockchain #bitcoin #BOLDAwards #BOLDAwardsGlobal https://t.co/J2hz7ialy0,0,0,0,0,0
2019-01-28 23:30:33+00:00,BlockChannel:Bitcoin Price Analysis: Major Support Broken on Expanding Volume and Spread $btc $btcusd #bitcoin https://t.co/v4eKT3t5Yz,0,0,0,0,-1
2019-01-28 23:30:33+00:00,Bitcoiners Increasingly Dumping Bitcoin for Gold Investments in 2019 - BTC Manager via BTCnews #Bitcoin https://t.co/i9yhENFKiN,0,0,1,0,0
2019-01-28 23:30:25+00:00,Living on Bitcoin Day 7: A Supposedly Fun Thing I’d Definitely Do Again - Bitcoin Magazine via BTCnews #Bitcoin https://t.co/ZcUCksnxfW,0,0,0,0,1
2019-01-28 23:30:25+00:00,Bitcoin Price Analysis: Major Support Broken on Expanding Volume and Spread - Bitcoin Magazine via BTCnews #Bitcoin https://t.co/RdTY1qxFu4,0,0,0,0,0
2019-01-28 23:30:24+00:00,"#cybercrime : https://t.co/dVLsu9XMQj Monex, Owner of Hacked Coincheck Exchange, Warns About ‘Monex Coin Management’ Scam - Bitcoin Exchange Guide",0,0,0,0,-1
